{
    "status": "ok",
    "data": {
        "user": {
            "user_id": 346,
            "email": "dscom2009k@gmail.com",
            "fname": "קובי",
            "lname": "שונברגר",
            "image": "https://media.licdn.com/mpr/mpr/shrinknp_200_200/AAEAAQAAAAAAAARBAAAAJDk3MjZkN2Q0LWZhODEtNGUwMi1hZWM2LTIzNTM2OWFhN2FkOQ.jpg"
        },
        "token": "16c41ec7fb94839a689f7dac5cdf5ba8bdc9a9acdc95b95245f80a00d58c9575c203ceb541507cce40dd5a96e9399f4a"
    },
    "msg": ""
}